Modèle,AUC,F1-Score,Accuracy,Précision,Recall
Random Forest,0.8849668297323879,0.8448034798819326,0.8365510471204188,0.7869753979739508,0.9118041582830315
XGBoost,0.8806977648639441,0.8367186269878759,0.8303337696335078,0.7886613238349659,0.8910127431254192
LightGBM,0.871227899880647,0.8329998460828074,0.8224803664921466,0.7698435277382646,0.9074446680080482
MLP Neural Network,0.8473085049166136,0.8010004689698296,0.7917212041884817,0.7502196193265007,0.8591549295774648
SVM,0.8075560391100597,0.7438180019782393,0.7457460732984293,0.7315175097276264,0.7565392354124748
Logistic Regression,0.7242783109734017,0.6477648286658549,0.668684554973822,0.6729309721720275,0.6244131455399061
