Modèle,AUC,F1-Score,Accuracy,Précision,Recall
Random Forest,0.8728390042062812,0.8253012048192772,0.8196989528795812,0.7826217678893566,0.8729040912139504
XGBoost,0.868327644246737,0.817149256119021,0.8129908376963351,0.7812786784949526,0.8564721663313213
LightGBM,0.8602195708864476,0.815509693558474,0.8069371727748691,0.7639132981839485,0.8745808182427901
MLP Neural Network,0.8326204832830851,0.7771836007130125,0.775032722513089,0.7519598620257134,0.8041582830315225
SVM,0.785585986633325,0.7185728576192064,0.7238219895287958,0.7145225464190982,0.7226693494299128
Logistic Regression,0.6701702761831908,0.620889748549323,0.6151832460732984,0.5977653631284916,0.6458752515090543
